id_pais;nombre_tabla;nombre_origen;nombre_origen_erp
PE;m_asignacion_modulo;salesforce;bigmagic
PE;m_eje_territorial;salesforce;bigmagic
PE;m_estructura_comercial;salesforce;bigmagic
PE;m_modulo;salesforce;bigmagic
EC;m_asignacion_modulo;salesforce;bigmagic
EC;m_modulo;salesforce;bigmagic
MX;m_asignacion_modulo;salesforce;bigmagic
MX;m_modulo;salesforce;bigmagic
EC;m_eje_territorial;salesforce;bigmagic
MX;m_eje_territorial;salesforce;bigmagic
EC;m_estructura_comercial;salesforce;bigmagic
MX;m_estructura_comercial;salesforce;bigmagic
EC;m_modelo_atencion;salesforce;bigmagic
MX;m_modelo_atencion;salesforce;bigmagic
PE;m_modelo_atencion;salesforce;bigmagic
EC;t_visita;salesforce;bigmagic
MX;t_visita;salesforce;bigmagic
BO;t_visita;salesforce;bigmagic
PE;t_visita;salesforce;bigmagic
TH;t_visita;salesforce;bigmagic
ID;t_visita;bigmagic;bigmagic
IN;t_visita;bigmagic;bigmagic
VN;t_visita;bigmagic;bigmagic
EG;t_visita;bigmagic;bigmagic
CM;t_visita;bigmagic;bigmagic
TH;m_estructura_comercial;salesforce;bigmagic
ID;m_estructura_comercial;bigmagic;bigmagic
IN;m_estructura_comercial;bigmagic;bigmagic
VN;m_estructura_comercial;bigmagic;bigmagic
EG;m_estructura_comercial;bigmagic;bigmagic
CM;m_estructura_comercial;bigmagic;bigmagic
TH;m_modelo_atencion;salesforce;bigmagic
ID;m_modelo_atencion;bigmagic;bigmagic
IN;m_modelo_atencion;bigmagic;bigmagic
VN;m_modelo_atencion;bigmagic;bigmagic
EG;m_modelo_atencion;bigmagic;bigmagic
CM;m_modelo_atencion;bigmagic;bigmagic
TH;m_eje_territorial;salesforce;bigmagic
ID;m_eje_territorial;bigmagic;bigmagic
IN;m_eje_territorial;bigmagic;bigmagic
VN;m_eje_territorial;bigmagic;bigmagic
EG;m_eje_territorial;bigmagic;bigmagic
CM;m_eje_territorial;bigmagic;bigmagic
TH;m_asignacion_modulo;salesforce;bigmagic
ID;m_asignacion_modulo;bigmagic;bigmagic
IN;m_asignacion_modulo;bigmagic;bigmagic
VN;m_asignacion_modulo;bigmagic;bigmagic
EG;m_asignacion_modulo;bigmagic;bigmagic
CM;m_asignacion_modulo;bigmagic;bigmagic
TH;m_modulo;salesforce;bigmagic
ID;m_modulo;bigmagic;bigmagic
IN;m_modulo;bigmagic;bigmagic
VN;m_modulo;bigmagic;bigmagic
EG;m_modulo;bigmagic;bigmagic
CM;m_modulo;bigmagic;bigmagic
VE;t_visita;salesforce;bigmagic
VE;m_asignacion_modulo;bigmagic;bigmagic
VE;m_eje_territorial;bigmagic;bigmagic
VE;m_estructura_comercial;bigmagic;bigmagic
VE;m_modelo_atencion;bigmagic;bigmagic
VE;m_modulo;bigmagic;bigmagic
EC;m_responsable_comercial;bigmagic;bigmagic
MX;m_responsable_comercial;bigmagic;bigmagic
BO;m_responsable_comercial;bigmagic;bigmagic
EG;m_responsable_comercial;bigmagic;bigmagic
CM;m_responsable_comercial;bigmagic;bigmagic
ID;m_responsable_comercial;bigmagic;bigmagic
TH;m_responsable_comercial;bigmagic;bigmagic
VN;m_responsable_comercial;bigmagic;bigmagic
IN;m_responsable_comercial;bigmagic;bigmagic
VE;m_responsable_comercial;bigmagic;bigmagic
EC;m_forma_pago;bigmagic;bigmagic
MX;m_forma_pago;bigmagic;bigmagic
BO;m_forma_pago;bigmagic;bigmagic
PE;m_forma_pago;bigmagic;bigmagic
EG;m_forma_pago;bigmagic;bigmagic
CM;m_forma_pago;bigmagic;bigmagic
ID;m_forma_pago;bigmagic;bigmagic
TH;m_forma_pago;bigmagic;bigmagic
VN;m_forma_pago;bigmagic;bigmagic
IN;m_forma_pago;bigmagic;bigmagic
VE;m_forma_pago;bigmagic;bigmagic
EC;m_lista_precio;bigmagic;bigmagic
MX;m_lista_precio;bigmagic;bigmagic
BO;m_lista_precio;bigmagic;bigmagic
PE;m_lista_precio;bigmagic;bigmagic
EG;m_lista_precio;bigmagic;bigmagic
CM;m_lista_precio;bigmagic;bigmagic
ID;m_lista_precio;bigmagic;bigmagic
TH;m_lista_precio;bigmagic;bigmagic
VN;m_lista_precio;bigmagic;bigmagic
IN;m_lista_precio;bigmagic;bigmagic
VE;m_lista_precio;bigmagic;bigmagic
EC;m_fuerza_venta;bigmagic;bigmagic
MX;m_fuerza_venta;bigmagic;bigmagic
BO;m_fuerza_venta;bigmagic;bigmagic
PE;m_fuerza_venta;bigmagic;bigmagic
EG;m_fuerza_venta;bigmagic;bigmagic
CM;m_fuerza_venta;bigmagic;bigmagic
ID;m_fuerza_venta;bigmagic;bigmagic
TH;m_fuerza_venta;bigmagic;bigmagic
VN;m_fuerza_venta;bigmagic;bigmagic
IN;m_fuerza_venta;bigmagic;bigmagic
VE;m_fuerza_venta;bigmagic;bigmagic
PE;m_responsable_comercial;bigmagic;bigmagic
BO;m_eje_territorial;bigmagic;bigmagic
BO;m_estructura_comercial;bigmagic;bigmagic
BO;m_modulo;bigmagic;bigmagic
BO;m_asignacion_modulo;bigmagic;bigmagic
BO;m_modelo_atencion;bigmagic;bigmagic
CO;t_visita;salesforce;oracle
CO;m_asignacion_modulo;salesforce;oracle
CO;m_clasificacion_cliente;salesforce;oracle
CO;m_eje_territorial;salesforce;oracle
CO;m_estructura_comercial;salesforce;oracle
CO;m_modelo_atencion;salesforce;oracle
CO;m_modulo;salesforce;oracle
CO;m_responsable_comercial;salesforce;oracle
CO;m_forma_pago;salesforce;oracle
CO;m_lista_precio;salesforce;oracle
CO;m_fuerza_venta;salesforce;oracle
PE;m_clasificacion_cliente;bigmagic;bigmagic
EC;m_clasificacion_cliente;bigmagic;bigmagic
MX;m_clasificacion_cliente;bigmagic;bigmagic
TH;m_clasificacion_cliente;bigmagic;bigmagic
ID;m_clasificacion_cliente;bigmagic;bigmagic
IN;m_clasificacion_cliente;bigmagic;bigmagic
VN;m_clasificacion_cliente;bigmagic;bigmagic
EG;m_clasificacion_cliente;bigmagic;bigmagic
CM;m_clasificacion_cliente;bigmagic;bigmagic
VE;m_clasificacion_cliente;bigmagic;bigmagic
BO;m_clasificacion_cliente;bigmagic;bigmagic
NG;t_visita;bigmagic;bigmagic
NG;m_estructura_comercial;bigmagic;bigmagic
NG;m_clasificacion_cliente;bigmagic;bigmagic
NG;m_modelo_atencion;bigmagic;bigmagic
NG;m_eje_territorial;bigmagic;bigmagic
NG;m_asignacion_modulo;bigmagic;bigmagic
NG;m_modulo;bigmagic;bigmagic
NG;m_responsable_comercial;bigmagic;bigmagic
NG;m_forma_pago;bigmagic;bigmagic
NG;m_lista_precio;bigmagic;bigmagic
NG;m_fuerza_venta;bigmagic;bigmagic
CR;m_asignacion_modulo;bigmagic;bigmagic
CR;m_modulo;bigmagic;bigmagic
CR;m_clasificacion_cliente;bigmagic;bigmagic
CR;m_eje_territorial;salesforce;bigmagic
CR;m_estructura_comercial;bigmagic;bigmagic
CR;m_modelo_atencion;salesforce;bigmagic
CR;t_visita;salesforce;bigmagic
CR;m_responsable_comercial;bigmagic;bigmagic
CR;m_forma_pago;bigmagic;bigmagic
CR;m_lista_precio;bigmagic;bigmagic
CR;m_fuerza_venta;bigmagic;bigmagic
GT;m_asignacion_modulo;bigmagic;bigmagic
GT;m_modulo;bigmagic;bigmagic
GT;m_clasificacion_cliente;bigmagic;bigmagic
GT;m_eje_territorial;salesforce;bigmagic
GT;m_estructura_comercial;bigmagic;bigmagic
GT;m_modelo_atencion;salesforce;bigmagic
GT;t_visita;salesforce;bigmagic
GT;m_responsable_comercial;bigmagic;bigmagic
GT;m_forma_pago;bigmagic;bigmagic
GT;m_lista_precio;bigmagic;bigmagic
GT;m_fuerza_venta;bigmagic;bigmagic
HN;m_asignacion_modulo;bigmagic;bigmagic
HN;m_modulo;bigmagic;bigmagic
HN;m_clasificacion_cliente;bigmagic;bigmagic
HN;m_eje_territorial;salesforce;bigmagic
HN;m_estructura_comercial;bigmagic;bigmagic
HN;m_modelo_atencion;salesforce;bigmagic
HN;t_visita;salesforce;bigmagic
HN;m_responsable_comercial;bigmagic;bigmagic
HN;m_forma_pago;bigmagic;bigmagic
HN;m_lista_precio;bigmagic;bigmagic
HN;m_fuerza_venta;bigmagic;bigmagic
NI;t_visita;salesforce;bigmagic
NI;m_estructura_comercial;bigmagic;bigmagic
NI;m_clasificacion_cliente;bigmagic;bigmagic
NI;m_modelo_atencion;salesforce;bigmagic
NI;m_eje_territorial;salesforce;bigmagic
NI;m_asignacion_modulo;bigmagic;bigmagic
NI;m_modulo;bigmagic;bigmagic
NI;m_responsable_comercial;bigmagic;bigmagic
NI;m_forma_pago;bigmagic;bigmagic
NI;m_lista_precio;bigmagic;bigmagic
NI;m_fuerza_venta;bigmagic;bigmagic
PA;m_asignacion_modulo;bigmagic;bigmagic
PA;m_modulo;bigmagic;bigmagic
PA;m_clasificacion_cliente;bigmagic;bigmagic
PA;m_eje_territorial;salesforce;bigmagic
PA;m_estructura_comercial;bigmagic;bigmagic
PA;m_modelo_atencion;salesforce;bigmagic
PA;t_visita;salesforce;bigmagic
PA;m_responsable_comercial;bigmagic;bigmagic
PA;m_forma_pago;bigmagic;bigmagic
PA;m_lista_precio;bigmagic;bigmagic
PA;m_fuerza_venta;bigmagic;bigmagic
SV;m_asignacion_modulo;bigmagic;bigmagic
SV;m_modulo;bigmagic;bigmagic
SV;m_clasificacion_cliente;bigmagic;bigmagic
SV;m_eje_territorial;salesforce;bigmagic
SV;m_estructura_comercial;bigmagic;bigmagic
SV;m_modelo_atencion;salesforce;bigmagic
SV;t_visita;salesforce;bigmagic
SV;m_responsable_comercial;bigmagic;bigmagic
SV;m_forma_pago;bigmagic;bigmagic
SV;m_lista_precio;bigmagic;bigmagic
SV;m_fuerza_venta;bigmagic;bigmagic
